Daily Dietitian Report,Client: Samaritan Mohite,Diet: Any
Target Calories:,2425,TDEE (Maintenance):,2925

Dish Name,Portions,Calories,Protein (g),Carbs (g),Fat (g),Time Logged
Post-Workout Whey Protein Shake,1.5,495,56,63,5,17:20
Burger King Whopper with Cheese,1,790,49,49,49,17:22
Protein Pancakes with Fruit Topping,1.25,631,60,73,10,17:25
Burger King Royal Crispy Chicken Sandwich,1.5,945,48,87,47,17:25
Classic Cheeseburger & Fries,1,880,42,95,55,17:29

TOTAL CONSUMED,-,3741,255,367,166,-
TARGET MACROS,-,2425,180,274,67,-
